<?xml version="1.0" encoding="UTF-8"?>
<project-private xmlns="http://www.netbeans.org/ns/project-private/1">
    <editor-bookmarks xmlns="http://www.netbeans.org/ns/editor-bookmarks/2" lastBookmarkId="0"/>
    <open-files xmlns="http://www.netbeans.org/ns/projectui-open-files/2">
        <group>
            <file>file:/C:/Users/Usuario/Desktop/Ing.%20Sistemas%20Materias/Semestre%204/Tecnicas%20de%20Prog/Reto10/DosReto10/web/index.html</file>
            <file>file:/C:/Users/Usuario/Desktop/Ing.%20Sistemas%20Materias/Semestre%204/Tecnicas%20de%20Prog/Reto10/DosReto10/src/java/SacarFactorServlet.java</file>
        </group>
    </open-files>
</project-private>
